{
    "explanations": {
        "kernel_shap": {
            "label0": {
                "expected_value": 47.42221450805664,
                "global_shap_values": {
                    "APOGEE": 0.08949229615500587,
                    "APOGEE_2": 0.031816796833880216,
                    "Activity_Status": 0.04231342664246687,
                    "DILUTION": 25.801943309566987,
                    "DSE_1": 0.029969915729973932,
                    "DSE_2": 0.02817768810280203,
                    "INCLINATION": 0.3744204807531237,
                    "INCLINATION_2": 0.0956788486701663,
                    "LAUNCH_DATE": 0.0642254368754172,
                    "LAUNCH_DATE_2": 0.08858558948278471,
                    "LAUNCH_SITE": 0.10577845988519369,
                    "LAUNCH_SITE_2": 0.030470954831003507,
                    "NORAD_CAT_ID_1": 0.2179908709019057,
                    "NORAD_CAT_ID_2": 0.04100191555434158,
                    "OBJECT_1_Active": 0.3352419005069847,
                    "OBJECT_2_Active": 0.027629925905977286,
                    "OBJECT_ID": 0.03556579066910712,
                    "OBJECT_ID_2": 0.029827461444880434,
                    "OBJECT_NAME_1": 0.026920579572132754,
                    "OBJECT_TYPE": 0.028355386873910832,
                    "OBJECT_TYPE_2": 0.02783463198635518,
                    "ORBIT_TYPE": 0.027609862219112713,
                    "ORBIT_TYPE_2": 0.028762045973524213,
                    "OWNER": 0.049306011284669306,
                    "OWNER_2": 0.4230505895586623,
                    "PERIGEE": 0.03233489341710241,
                    "PERIGEE_2": 0.028884595664274672,
                    "PERIOD": 0.20409124142367713,
                    "PERIOD_2": 0.04351220984575518,
                    "TCA": 0.02902884540960458,
                    "TCA_RANGE": 21.88440567332689,
                    "TCA_RELATIVE_SPEED": 0.033235167679387986
                }
            }
        }
    },
    "version": "1.0"
}