{
  "version" : 0.0,
  "dataset" : {
    "item_count" : 15761,
    "evaluation_time" : "2025-03-28T17:35:54.336Z"
  },
  "regression_metrics" : {
    "mae" : {
      "value" : 0.06641237141428584,
      "standard_deviation" : 0.006753430406720961
    },
    "mse" : {
      "value" : 2.4399920377869027,
      "standard_deviation" : 1.1009254149037058
    },
    "rmse" : {
      "value" : 1.5620473865369457,
      "standard_deviation" : 0.5101635186275733
    },
    "r2" : {
      "value" : 0.3970529678301431,
      "standard_deviation" : 0.14288696562681305
    }
  }
}